status,loginName,mail,firstName,lastName
active,jimmy.xu@cn.interpex.com,jimmy.xu@cn.interpex.com,Jimmy,Xu
active,mandy.yang@cn.interplex.com,mandy.yang@cn.interplex.com,Mandy,Yang
active,Dam.song@cn.interplex.com,Dam.song@cn.interplex.com,Dam,Song
active,jackson.deng@cn.interplex.com,jackson.deng@cn.interplex.com,Jackson,Deng
active,sunny.sun@cn.interplex.com,sunny.sun@cn.interplex.com,Sunny,Sun
active,hongyan.huang@cn.interplex.com,hongyan.huang@cn.interplex.com,Hongyan,Huang
active,vincent.chia@cn.interplex.com,vincent.chia@cn.interplex.com,Vincent,Chia
active,nick.cai@cn.interplex.com,nick.cai@cn.interplex.com,Nick,Cai
